table,column,sqlite_type,postgresql_type,shared
accounting_periods,id,TEXT,uuid,yes
accounting_periods,store_id,TEXT,uuid,yes
accounting_periods,period_year,INTEGER,integer,yes
accounting_periods,period_month,INTEGER,integer,yes
accounting_periods,starts_at,INTEGER,timestamptz,yes
accounting_periods,ends_at,INTEGER,timestamptz,yes
accounting_periods,status,TEXT,text,yes
accounting_periods,closed_at,INTEGER,timestamptz,yes
accounting_periods,device_id,TEXT,uuid,yes
accounting_periods,operation_id,TEXT,uuid,yes
accounting_periods,created_at,INTEGER,timestamptz,yes
accounting_periods,updated_at,INTEGER,timestamptz,yes
accounting_periods,version,INTEGER,bigint,yes
app_settings,store_id,TEXT,uuid,yes
app_settings,daily_report_time_minutes,INTEGER,integer,yes
app_settings,default_credit_policy,TEXT,text,yes
app_settings,default_credit_limit_minor,INTEGER,bigint,yes
app_settings,allow_negative_stock,INTEGER,boolean,yes
app_settings,low_stock_alert_enabled,INTEGER,boolean,yes
app_settings,debt_age_alert_days,INTEGER,integer,yes
app_settings,backup_enabled,INTEGER,boolean,yes
app_settings,backup_interval_hours,INTEGER,integer,yes
app_settings,export_directory_uri,TEXT,text,yes
app_settings,attachments_directory_uri,TEXT,text,yes
app_settings,created_at,INTEGER,timestamptz,yes
app_settings,updated_at,INTEGER,timestamptz,yes
app_settings,version,INTEGER,bigint,yes
attachments,id,TEXT,uuid,yes
attachments,store_id,TEXT,uuid,yes
attachments,entity_type,TEXT,text,yes
attachments,entity_id,TEXT,uuid,yes
attachments,kind,TEXT,text,yes
attachments,file_name,TEXT,text,yes
attachments,mime_type,TEXT,text,yes
attachments,local_uri,TEXT,text,yes
attachments,remote_key,TEXT,text,yes
attachments,file_size_bytes,INTEGER,bigint,yes
attachments,checksum_sha256,TEXT,text,yes
attachments,sync_status,TEXT,text,yes
attachments,created_at,INTEGER,timestamptz,yes
attachments,updated_at,INTEGER,timestamptz,yes
audit_logs,id,TEXT,uuid,yes
audit_logs,store_id,TEXT,uuid,yes
audit_logs,device_id,TEXT,uuid,yes
audit_logs,actor_type,TEXT,text,yes
audit_logs,action,TEXT,text,yes
audit_logs,entity_type,TEXT,text,yes
audit_logs,entity_id,TEXT,uuid,yes
audit_logs,old_values_json,TEXT,jsonb,yes
audit_logs,new_values_json,TEXT,jsonb,yes
audit_logs,reason,TEXT,text,yes
audit_logs,operation_id,TEXT,uuid,yes
audit_logs,occurred_at,INTEGER,timestamptz,yes
audit_logs,created_at,INTEGER,timestamptz,yes
backup_metadata,id,TEXT,uuid,yes
backup_metadata,store_id,TEXT,uuid,yes
backup_metadata,device_id,TEXT,uuid,yes
backup_metadata,backup_type,TEXT,text,yes
backup_metadata,local_uri,TEXT,text,yes
backup_metadata,remote_key,TEXT,text,yes
backup_metadata,schema_version,INTEGER,integer,yes
backup_metadata,file_size_bytes,INTEGER,bigint,yes
backup_metadata,checksum_sha256,TEXT,text,yes
backup_metadata,encryption_version,TEXT,text,yes
backup_metadata,status,TEXT,text,yes
backup_metadata,created_at,INTEGER,timestamptz,yes
backup_metadata,uploaded_at,INTEGER,timestamptz,yes
backup_metadata,last_verified_at,INTEGER,timestamptz,yes
backup_metadata,error_message,TEXT,text,yes
customer_ledger_entries,id,TEXT,uuid,yes
customer_ledger_entries,store_id,TEXT,uuid,yes
customer_ledger_entries,customer_id,TEXT,uuid,yes
customer_ledger_entries,accounting_period_id,TEXT,uuid,yes
customer_ledger_entries,entry_type,TEXT,text,yes
customer_ledger_entries,receivable_delta_minor,INTEGER,bigint,yes
customer_ledger_entries,credit_delta_minor,INTEGER,bigint,yes
customer_ledger_entries,source_sale_id,TEXT,uuid,yes
customer_ledger_entries,reference_type,TEXT,text,yes
customer_ledger_entries,reference_id,TEXT,uuid,yes
customer_ledger_entries,transaction_group_id,TEXT,uuid,yes
customer_ledger_entries,occurred_at,INTEGER,timestamptz,yes
customer_ledger_entries,reversal_of_id,TEXT,uuid,yes
customer_ledger_entries,reason,TEXT,text,yes
customer_ledger_entries,device_id,TEXT,uuid,yes
customer_ledger_entries,operation_id,TEXT,uuid,yes
customer_ledger_entries,created_at,INTEGER,timestamptz,yes
customer_payment_allocations,id,TEXT,uuid,yes
customer_payment_allocations,store_id,TEXT,uuid,yes
customer_payment_allocations,customer_payment_id,TEXT,uuid,yes
customer_payment_allocations,sale_id,TEXT,uuid,yes
customer_payment_allocations,amount_minor,INTEGER,bigint,yes
customer_payment_allocations,customer_ledger_entry_id,TEXT,uuid,yes
customer_payment_allocations,created_at,INTEGER,timestamptz,yes
customer_payments,id,TEXT,uuid,yes
customer_payments,store_id,TEXT,uuid,yes
customer_payments,customer_id,TEXT,uuid,yes
customer_payments,accounting_period_id,TEXT,uuid,yes
customer_payments,money_account_id,TEXT,uuid,yes
customer_payments,amount_minor,INTEGER,bigint,yes
customer_payments,allocated_total_minor,INTEGER,bigint,yes
customer_payments,credit_created_minor,INTEGER,bigint,yes
customer_payments,payment_at,INTEGER,timestamptz,yes
customer_payments,sender_account_name,TEXT,text,yes
customer_payments,external_reference,TEXT,text,yes
customer_payments,notes,TEXT,text,yes
customer_payments,status,TEXT,text,yes
customer_payments,money_movement_id,TEXT,uuid,yes
customer_payments,cancelled_at,INTEGER,timestamptz,yes
customer_payments,device_id,TEXT,uuid,yes
customer_payments,operation_id,TEXT,uuid,yes
customer_payments,created_at,INTEGER,timestamptz,yes
customer_payments,updated_at,INTEGER,timestamptz,yes
customer_payments,version,INTEGER,bigint,yes
customers,id,TEXT,uuid,yes
customers,store_id,TEXT,uuid,yes
customers,name,TEXT,text,yes
customers,normalized_name,TEXT,text,yes
customers,phone,TEXT,text,yes
customers,normalized_phone,TEXT,text,yes
customers,notes,TEXT,text,yes
customers,credit_limit_minor,INTEGER,bigint,yes
customers,credit_policy,TEXT,text,yes
customers,status,TEXT,text,yes
customers,archived_at,INTEGER,timestamptz,yes
customers,device_id,TEXT,uuid,yes
customers,operation_id,TEXT,uuid,yes
customers,created_at,INTEGER,timestamptz,yes
customers,updated_at,INTEGER,timestamptz,yes
customers,version,INTEGER,bigint,yes
devices,id,TEXT,uuid,yes
devices,store_id,TEXT,uuid,yes
devices,device_name,TEXT,text,yes
devices,platform,TEXT,text,yes
devices,installation_id,TEXT,uuid,yes
devices,device_prefix,TEXT,text,yes
devices,status,TEXT,text,yes
devices,last_seen_at,INTEGER,timestamptz,yes
devices,created_at,INTEGER,timestamptz,yes
devices,updated_at,INTEGER,timestamptz,yes
devices,version,INTEGER,bigint,yes
document_sequences,store_id,TEXT,uuid,yes
document_sequences,device_id,TEXT,uuid,yes
document_sequences,document_type,TEXT,text,yes
document_sequences,sequence_year,INTEGER,integer,yes
document_sequences,next_value,INTEGER,bigint,yes
document_sequences,updated_at,INTEGER,timestamptz,yes
expense_categories,id,TEXT,uuid,yes
expense_categories,store_id,TEXT,uuid,yes
expense_categories,name,TEXT,text,yes
expense_categories,normalized_name,TEXT,text,yes
expense_categories,status,TEXT,text,yes
expense_categories,device_id,TEXT,uuid,yes
expense_categories,operation_id,TEXT,uuid,yes
expense_categories,created_at,INTEGER,timestamptz,yes
expense_categories,updated_at,INTEGER,timestamptz,yes
expense_categories,version,INTEGER,bigint,yes
expense_payments,id,TEXT,uuid,yes
expense_payments,store_id,TEXT,uuid,yes
expense_payments,expense_id,TEXT,uuid,yes
expense_payments,accounting_period_id,TEXT,uuid,yes
expense_payments,amount_minor,INTEGER,bigint,yes
expense_payments,payment_source,TEXT,text,yes
expense_payments,money_account_id,TEXT,uuid,yes
expense_payments,money_movement_id,TEXT,uuid,yes
expense_payments,owner_ledger_entry_id,TEXT,uuid,yes
expense_payments,payment_at,INTEGER,timestamptz,yes
expense_payments,notes,TEXT,text,yes
expense_payments,status,TEXT,text,yes
expense_payments,cancelled_at,INTEGER,timestamptz,yes
expense_payments,device_id,TEXT,uuid,yes
expense_payments,operation_id,TEXT,uuid,yes
expense_payments,created_at,INTEGER,timestamptz,yes
expense_payments,updated_at,INTEGER,timestamptz,yes
expense_payments,version,INTEGER,bigint,yes
expenses,id,TEXT,uuid,yes
expenses,store_id,TEXT,uuid,yes
expenses,category_id,TEXT,uuid,yes
expenses,accounting_period_id,TEXT,uuid,yes
expenses,description,TEXT,text,yes
expenses,amount_minor,INTEGER,bigint,yes
expenses,paid_total_minor,INTEGER,bigint,yes
expenses,expense_at,INTEGER,timestamptz,yes
expenses,due_at,INTEGER,timestamptz,yes
expenses,payment_timing,TEXT,text,yes
expenses,status,TEXT,text,yes
expenses,notes,TEXT,text,yes
expenses,cancelled_at,INTEGER,timestamptz,yes
expenses,device_id,TEXT,uuid,yes
expenses,operation_id,TEXT,uuid,yes
expenses,created_at,INTEGER,timestamptz,yes
expenses,updated_at,INTEGER,timestamptz,yes
expenses,version,INTEGER,bigint,yes
goods_receipt_items,id,TEXT,uuid,yes
goods_receipt_items,store_id,TEXT,uuid,yes
goods_receipt_items,goods_receipt_id,TEXT,uuid,yes
goods_receipt_items,purchase_item_id,TEXT,uuid,yes
goods_receipt_items,product_id,TEXT,uuid,yes
goods_receipt_items,product_unit_id,TEXT,uuid,yes
goods_receipt_items,product_name_snapshot,TEXT,text,yes
goods_receipt_items,unit_name_snapshot,TEXT,text,yes
goods_receipt_items,quantity_milli,INTEGER,bigint,yes
goods_receipt_items,conversion_factor_num,INTEGER,integer,yes
goods_receipt_items,conversion_factor_den,INTEGER,integer,yes
goods_receipt_items,base_quantity_milli,INTEGER,bigint,yes
goods_receipt_items,unit_cost_minor,INTEGER,bigint,yes
goods_receipt_items,line_total_minor,INTEGER,bigint,yes
goods_receipt_items,inventory_movement_id,TEXT,uuid,yes
goods_receipt_items,created_at,INTEGER,timestamptz,yes
goods_receipt_items,updated_at,INTEGER,timestamptz,yes
goods_receipt_items,version,INTEGER,bigint,yes
goods_receipts,id,TEXT,uuid,yes
goods_receipts,store_id,TEXT,uuid,yes
goods_receipts,supplier_id,TEXT,uuid,yes
goods_receipts,purchase_invoice_id,TEXT,uuid,yes
goods_receipts,accounting_period_id,TEXT,uuid,yes
goods_receipts,display_number,TEXT,text,yes
goods_receipts,received_at,INTEGER,timestamptz,yes
goods_receipts,total_cost_minor,INTEGER,bigint,yes
goods_receipts,status,TEXT,text,yes
goods_receipts,notes,TEXT,text,yes
goods_receipts,reversal_of_id,TEXT,uuid,yes
goods_receipts,reversed_by_id,TEXT,uuid,yes
goods_receipts,cancelled_at,INTEGER,timestamptz,yes
goods_receipts,device_id,TEXT,uuid,yes
goods_receipts,operation_id,TEXT,uuid,yes
goods_receipts,created_at,INTEGER,timestamptz,yes
goods_receipts,updated_at,INTEGER,timestamptz,yes
goods_receipts,version,INTEGER,bigint,yes
inventory_movements,id,TEXT,uuid,yes
inventory_movements,store_id,TEXT,uuid,yes
inventory_movements,product_id,TEXT,uuid,yes
inventory_movements,accounting_period_id,TEXT,uuid,yes
inventory_movements,movement_type,TEXT,text,yes
inventory_movements,quantity_before_milli,INTEGER,bigint,yes
inventory_movements,quantity_delta_milli,INTEGER,bigint,yes
inventory_movements,quantity_after_milli,INTEGER,bigint,yes
inventory_movements,inventory_value_before_minor,INTEGER,bigint,yes
inventory_movements,value_delta_minor,INTEGER,bigint,yes
inventory_movements,inventory_value_after_minor,INTEGER,bigint,yes
inventory_movements,average_unit_cost_after_minor,INTEGER,bigint,yes
inventory_movements,cost_status,TEXT,text,yes
inventory_movements,has_pending_cost_after,INTEGER,boolean,yes
inventory_movements,reference_type,TEXT,text,yes
inventory_movements,reference_id,TEXT,uuid,yes
inventory_movements,transaction_group_id,TEXT,uuid,yes
inventory_movements,occurred_at,INTEGER,timestamptz,yes
inventory_movements,reversal_of_id,TEXT,uuid,yes
inventory_movements,reason,TEXT,text,yes
inventory_movements,device_id,TEXT,uuid,yes
inventory_movements,operation_id,TEXT,uuid,yes
inventory_movements,created_at,INTEGER,timestamptz,yes
money_accounts,id,TEXT,uuid,yes
money_accounts,store_id,TEXT,uuid,yes
money_accounts,name,TEXT,text,yes
money_accounts,normalized_name,TEXT,text,yes
money_accounts,account_type,TEXT,text,yes
money_accounts,availability,TEXT,text,yes
money_accounts,is_default,INTEGER,boolean,yes
money_accounts,status,TEXT,text,yes
money_accounts,archived_at,INTEGER,timestamptz,yes
money_accounts,device_id,TEXT,uuid,yes
money_accounts,operation_id,TEXT,uuid,yes
money_accounts,created_at,INTEGER,timestamptz,yes
money_accounts,updated_at,INTEGER,timestamptz,yes
money_accounts,version,INTEGER,bigint,yes
money_movements,id,TEXT,uuid,yes
money_movements,store_id,TEXT,uuid,yes
money_movements,account_id,TEXT,uuid,yes
money_movements,accounting_period_id,TEXT,uuid,yes
money_movements,movement_type,TEXT,text,yes
money_movements,amount_delta_minor,INTEGER,bigint,yes
money_movements,reference_type,TEXT,text,yes
money_movements,reference_id,TEXT,uuid,yes
money_movements,transaction_group_id,TEXT,uuid,yes
money_movements,transfer_group_id,TEXT,uuid,yes
money_movements,counter_account_id,TEXT,uuid,yes
money_movements,counterparty_name,TEXT,text,yes
money_movements,external_reference,TEXT,text,yes
money_movements,notes,TEXT,text,yes
money_movements,occurred_at,INTEGER,timestamptz,yes
money_movements,reversal_of_id,TEXT,uuid,yes
money_movements,device_id,TEXT,uuid,yes
money_movements,operation_id,TEXT,uuid,yes
money_movements,created_at,INTEGER,timestamptz,yes
money_transfers,id,TEXT,uuid,yes
money_transfers,store_id,TEXT,uuid,yes
money_transfers,accounting_period_id,TEXT,uuid,yes
money_transfers,display_number,TEXT,text,yes
money_transfers,source_account_id,TEXT,uuid,yes
money_transfers,destination_account_id,TEXT,uuid,yes
money_transfers,amount_minor,INTEGER,bigint,yes
money_transfers,transfer_at,INTEGER,timestamptz,yes
money_transfers,source_movement_id,TEXT,uuid,yes
money_transfers,destination_movement_id,TEXT,uuid,yes
money_transfers,status,TEXT,text,yes
money_transfers,notes,TEXT,text,yes
money_transfers,cancelled_at,INTEGER,timestamptz,yes
money_transfers,device_id,TEXT,uuid,yes
money_transfers,operation_id,TEXT,uuid,yes
money_transfers,created_at,INTEGER,timestamptz,yes
money_transfers,updated_at,INTEGER,timestamptz,yes
money_transfers,version,INTEGER,bigint,yes
notifications,id,TEXT,uuid,yes
notifications,store_id,TEXT,uuid,yes
notifications,notification_key,TEXT,text,yes
notifications,notification_type,TEXT,text,yes
notifications,severity,TEXT,text,yes
notifications,title,TEXT,text,yes
notifications,body,TEXT,text,yes
notifications,entity_type,TEXT,text,yes
notifications,entity_id,TEXT,uuid,yes
notifications,status,TEXT,text,yes
notifications,snoozed_until,INTEGER,timestamptz,yes
notifications,resolved_at,INTEGER,timestamptz,yes
notifications,created_at,INTEGER,timestamptz,yes
notifications,updated_at,INTEGER,timestamptz,yes
owner_ledger_entries,id,TEXT,uuid,yes
owner_ledger_entries,store_id,TEXT,uuid,yes
owner_ledger_entries,accounting_period_id,TEXT,uuid,yes
owner_ledger_entries,entry_type,TEXT,text,yes
owner_ledger_entries,owner_liability_delta_minor,INTEGER,bigint,yes
owner_ledger_entries,equity_delta_minor,INTEGER,bigint,yes
owner_ledger_entries,money_account_id,TEXT,uuid,yes
owner_ledger_entries,reference_type,TEXT,text,yes
owner_ledger_entries,reference_id,TEXT,uuid,yes
owner_ledger_entries,transaction_group_id,TEXT,uuid,yes
owner_ledger_entries,occurred_at,INTEGER,timestamptz,yes
owner_ledger_entries,reversal_of_id,TEXT,uuid,yes
owner_ledger_entries,reason,TEXT,text,yes
owner_ledger_entries,device_id,TEXT,uuid,yes
owner_ledger_entries,operation_id,TEXT,uuid,yes
owner_ledger_entries,created_at,INTEGER,timestamptz,yes
product_units,id,TEXT,uuid,yes
product_units,store_id,TEXT,uuid,yes
product_units,product_id,TEXT,uuid,yes
product_units,measurement_type,TEXT,text,yes
product_units,unit_name,TEXT,text,yes
product_units,unit_code,TEXT,text,yes
product_units,is_base,INTEGER,boolean,yes
product_units,factor_num,INTEGER,integer,yes
product_units,factor_den,INTEGER,integer,yes
product_units,sale_price_minor,INTEGER,bigint,yes
product_units,purchase_price_minor,INTEGER,bigint,yes
product_units,status,TEXT,text,yes
product_units,device_id,TEXT,uuid,yes
product_units,operation_id,TEXT,uuid,yes
product_units,created_at,INTEGER,timestamptz,yes
product_units,updated_at,INTEGER,timestamptz,yes
product_units,version,INTEGER,bigint,yes
products,id,TEXT,uuid,yes
products,store_id,TEXT,uuid,yes
products,name,TEXT,text,yes
products,normalized_name,TEXT,text,yes
products,sku,TEXT,text,yes
products,barcode,TEXT,text,yes
products,description,TEXT,text,yes
products,measurement_type,TEXT,text,yes
products,track_inventory,INTEGER,boolean,yes
products,allow_negative_stock_override,INTEGER,boolean,yes
products,low_stock_threshold_milli,INTEGER,bigint,yes
products,is_pinned,INTEGER,boolean,yes
products,status,TEXT,text,yes
products,archived_at,INTEGER,timestamptz,yes
products,device_id,TEXT,uuid,yes
products,operation_id,TEXT,uuid,yes
products,created_at,INTEGER,timestamptz,yes
products,updated_at,INTEGER,timestamptz,yes
products,version,INTEGER,bigint,yes
purchase_invoices,id,TEXT,uuid,yes
purchase_invoices,store_id,TEXT,uuid,yes
purchase_invoices,supplier_id,TEXT,uuid,yes
purchase_invoices,invoice_number,TEXT,text,yes
purchase_invoices,display_number,TEXT,text,yes
purchase_invoices,invoice_date_at,INTEGER,timestamptz,yes
purchase_invoices,due_at,INTEGER,timestamptz,yes
purchase_invoices,items_subtotal_minor,INTEGER,bigint,yes
purchase_invoices,line_discount_total_minor,INTEGER,bigint,yes
purchase_invoices,invoice_discount_minor,INTEGER,bigint,yes
purchase_invoices,rounding_minor,INTEGER,bigint,yes
purchase_invoices,total_minor,INTEGER,bigint,yes
purchase_invoices,status,TEXT,text,yes
purchase_invoices,notes,TEXT,text,yes
purchase_invoices,correction_of_id,TEXT,uuid,yes
purchase_invoices,cancelled_at,INTEGER,timestamptz,yes
purchase_invoices,device_id,TEXT,uuid,yes
purchase_invoices,operation_id,TEXT,uuid,yes
purchase_invoices,created_at,INTEGER,timestamptz,yes
purchase_invoices,updated_at,INTEGER,timestamptz,yes
purchase_invoices,version,INTEGER,bigint,yes
purchase_items,id,TEXT,uuid,yes
purchase_items,store_id,TEXT,uuid,yes
purchase_items,purchase_invoice_id,TEXT,uuid,yes
purchase_items,product_id,TEXT,uuid,yes
purchase_items,product_unit_id,TEXT,uuid,yes
purchase_items,product_name_snapshot,TEXT,text,yes
purchase_items,unit_name_snapshot,TEXT,text,yes
purchase_items,quantity_milli,INTEGER,bigint,yes
purchase_items,conversion_factor_num,INTEGER,integer,yes
purchase_items,conversion_factor_den,INTEGER,integer,yes
purchase_items,base_quantity_milli,INTEGER,bigint,yes
purchase_items,unit_cost_minor,INTEGER,bigint,yes
purchase_items,line_gross_minor,INTEGER,bigint,yes
purchase_items,line_discount_minor,INTEGER,bigint,yes
purchase_items,rounding_minor,INTEGER,bigint,yes
purchase_items,line_total_minor,INTEGER,bigint,yes
purchase_items,created_at,INTEGER,timestamptz,yes
purchase_items,updated_at,INTEGER,timestamptz,yes
purchase_items,version,INTEGER,bigint,yes
sale_items,id,TEXT,uuid,yes
sale_items,store_id,TEXT,uuid,yes
sale_items,sale_id,TEXT,uuid,yes
sale_items,product_id,TEXT,uuid,yes
sale_items,product_unit_id,TEXT,uuid,yes
sale_items,is_manual_line,INTEGER,boolean,yes
sale_items,product_name_snapshot,TEXT,text,yes
sale_items,unit_name_snapshot,TEXT,text,yes
sale_items,quantity_milli,INTEGER,bigint,yes
sale_items,conversion_factor_num,INTEGER,integer,yes
sale_items,conversion_factor_den,INTEGER,integer,yes
sale_items,base_quantity_milli,INTEGER,bigint,yes
sale_items,unit_price_minor,INTEGER,bigint,yes
sale_items,line_gross_minor,INTEGER,bigint,yes
sale_items,line_discount_minor,INTEGER,bigint,yes
sale_items,rounding_minor,INTEGER,bigint,yes
sale_items,line_total_minor,INTEGER,bigint,yes
sale_items,cost_status,TEXT,text,yes
sale_items,unit_cost_minor,INTEGER,bigint,yes
sale_items,line_cost_minor,INTEGER,bigint,yes
sale_items,inventory_movement_id,TEXT,uuid,yes
sale_items,created_at,INTEGER,timestamptz,yes
sale_items,updated_at,INTEGER,timestamptz,yes
sale_items,version,INTEGER,bigint,yes
sale_payments,id,TEXT,uuid,yes
sale_payments,store_id,TEXT,uuid,yes
sale_payments,sale_id,TEXT,uuid,yes
sale_payments,money_account_id,TEXT,uuid,yes
sale_payments,amount_minor,INTEGER,bigint,yes
sale_payments,payment_at,INTEGER,timestamptz,yes
sale_payments,sender_account_name,TEXT,text,yes
sale_payments,external_reference,TEXT,text,yes
sale_payments,money_movement_id,TEXT,uuid,yes
sale_payments,created_at,INTEGER,timestamptz,yes
sale_payments,updated_at,INTEGER,timestamptz,yes
sale_payments,version,INTEGER,bigint,yes
sale_return_items,id,TEXT,uuid,yes
sale_return_items,store_id,TEXT,uuid,yes
sale_return_items,sale_return_id,TEXT,uuid,yes
sale_return_items,sale_item_id,TEXT,uuid,yes
sale_return_items,quantity_milli,INTEGER,bigint,yes
sale_return_items,base_quantity_milli,INTEGER,bigint,yes
sale_return_items,line_refund_minor,INTEGER,bigint,yes
sale_return_items,item_condition,TEXT,text,yes
sale_return_items,inventory_movement_id,TEXT,uuid,yes
sale_return_items,created_at,INTEGER,timestamptz,yes
sale_return_items,updated_at,INTEGER,timestamptz,yes
sale_return_items,version,INTEGER,bigint,yes
sale_return_settlements,id,TEXT,uuid,yes
sale_return_settlements,store_id,TEXT,uuid,yes
sale_return_settlements,sale_return_id,TEXT,uuid,yes
sale_return_settlements,settlement_type,TEXT,text,yes
sale_return_settlements,amount_minor,INTEGER,bigint,yes
sale_return_settlements,money_account_id,TEXT,uuid,yes
sale_return_settlements,money_movement_id,TEXT,uuid,yes
sale_return_settlements,customer_ledger_entry_id,TEXT,uuid,yes
sale_return_settlements,created_at,INTEGER,timestamptz,yes
sale_returns,id,TEXT,uuid,yes
sale_returns,store_id,TEXT,uuid,yes
sale_returns,sale_id,TEXT,uuid,yes
sale_returns,customer_id,TEXT,uuid,yes
sale_returns,accounting_period_id,TEXT,uuid,yes
sale_returns,display_number,TEXT,text,yes
sale_returns,return_at,INTEGER,timestamptz,yes
sale_returns,total_minor,INTEGER,bigint,yes
sale_returns,status,TEXT,text,yes
sale_returns,notes,TEXT,text,yes
sale_returns,cancelled_at,INTEGER,timestamptz,yes
sale_returns,device_id,TEXT,uuid,yes
sale_returns,operation_id,TEXT,uuid,yes
sale_returns,created_at,INTEGER,timestamptz,yes
sale_returns,updated_at,INTEGER,timestamptz,yes
sale_returns,version,INTEGER,bigint,yes
sales,id,TEXT,uuid,yes
sales,store_id,TEXT,uuid,yes
sales,customer_id,TEXT,uuid,yes
sales,accounting_period_id,TEXT,uuid,yes
sales,display_number,TEXT,text,yes
sales,sale_at,INTEGER,timestamptz,yes
sales,items_subtotal_minor,INTEGER,bigint,yes
sales,line_discount_total_minor,INTEGER,bigint,yes
sales,invoice_discount_minor,INTEGER,bigint,yes
sales,rounding_minor,INTEGER,bigint,yes
sales,total_minor,INTEGER,bigint,yes
sales,paid_total_minor,INTEGER,bigint,yes
sales,credit_total_minor,INTEGER,bigint,yes
sales,known_cost_total_minor,INTEGER,bigint,yes
sales,pending_cost_line_count,INTEGER,integer,yes
sales,unknown_cost_line_count,INTEGER,integer,yes
sales,payment_status,TEXT,text,yes
sales,status,TEXT,text,yes
sales,notes,TEXT,text,yes
sales,correction_of_id,TEXT,uuid,yes
sales,reversed_by_id,TEXT,uuid,yes
sales,cancelled_at,INTEGER,timestamptz,yes
sales,device_id,TEXT,uuid,yes
sales,operation_id,TEXT,uuid,yes
sales,created_at,INTEGER,timestamptz,yes
sales,updated_at,INTEGER,timestamptz,yes
sales,version,INTEGER,bigint,yes
stock_balances,store_id,TEXT,uuid,yes
stock_balances,product_id,TEXT,uuid,yes
stock_balances,quantity_milli,INTEGER,bigint,yes
stock_balances,average_unit_cost_minor,INTEGER,bigint,yes
stock_balances,inventory_value_minor,INTEGER,bigint,yes
stock_balances,has_pending_cost,INTEGER,boolean,yes
stock_balances,last_movement_id,TEXT,uuid,yes
stock_balances,updated_at,INTEGER,timestamptz,yes
stock_balances,version,INTEGER,bigint,yes
stock_count_items,id,TEXT,uuid,yes
stock_count_items,store_id,TEXT,uuid,yes
stock_count_items,stock_count_id,TEXT,uuid,yes
stock_count_items,product_id,TEXT,uuid,yes
stock_count_items,system_quantity_milli,INTEGER,bigint,yes
stock_count_items,actual_quantity_milli,INTEGER,bigint,yes
stock_count_items,difference_milli,INTEGER,bigint,yes
stock_count_items,adjustment_movement_id,TEXT,uuid,yes
stock_count_items,reason,TEXT,text,yes
stock_count_items,created_at,INTEGER,timestamptz,yes
stock_count_items,updated_at,INTEGER,timestamptz,yes
stock_count_items,version,INTEGER,bigint,yes
stock_counts,id,TEXT,uuid,yes
stock_counts,store_id,TEXT,uuid,yes
stock_counts,accounting_period_id,TEXT,uuid,yes
stock_counts,display_number,TEXT,text,yes
stock_counts,count_type,TEXT,text,yes
stock_counts,started_at,INTEGER,timestamptz,yes
stock_counts,completed_at,INTEGER,timestamptz,yes
stock_counts,status,TEXT,text,yes
stock_counts,notes,TEXT,text,yes
stock_counts,cancelled_at,INTEGER,timestamptz,yes
stock_counts,device_id,TEXT,uuid,yes
stock_counts,operation_id,TEXT,uuid,yes
stock_counts,created_at,INTEGER,timestamptz,yes
stock_counts,updated_at,INTEGER,timestamptz,yes
stock_counts,version,INTEGER,bigint,yes
stores,id,TEXT,uuid,yes
stores,name,TEXT,text,yes
stores,phone,TEXT,text,yes
stores,currency_code,TEXT,text,yes
stores,status,TEXT,text,yes
stores,created_at,INTEGER,timestamptz,yes
stores,updated_at,INTEGER,timestamptz,yes
stores,version,INTEGER,bigint,yes
supplier_ledger_entries,id,TEXT,uuid,yes
supplier_ledger_entries,store_id,TEXT,uuid,yes
supplier_ledger_entries,supplier_id,TEXT,uuid,yes
supplier_ledger_entries,accounting_period_id,TEXT,uuid,yes
supplier_ledger_entries,entry_type,TEXT,text,yes
supplier_ledger_entries,payable_delta_minor,INTEGER,bigint,yes
supplier_ledger_entries,credit_delta_minor,INTEGER,bigint,yes
supplier_ledger_entries,source_purchase_invoice_id,TEXT,uuid,yes
supplier_ledger_entries,reference_type,TEXT,text,yes
supplier_ledger_entries,reference_id,TEXT,uuid,yes
supplier_ledger_entries,transaction_group_id,TEXT,uuid,yes
supplier_ledger_entries,occurred_at,INTEGER,timestamptz,yes
supplier_ledger_entries,reversal_of_id,TEXT,uuid,yes
supplier_ledger_entries,reason,TEXT,text,yes
supplier_ledger_entries,device_id,TEXT,uuid,yes
supplier_ledger_entries,operation_id,TEXT,uuid,yes
supplier_ledger_entries,created_at,INTEGER,timestamptz,yes
supplier_payment_allocations,id,TEXT,uuid,yes
supplier_payment_allocations,store_id,TEXT,uuid,yes
supplier_payment_allocations,supplier_payment_id,TEXT,uuid,yes
supplier_payment_allocations,purchase_invoice_id,TEXT,uuid,yes
supplier_payment_allocations,amount_minor,INTEGER,bigint,yes
supplier_payment_allocations,supplier_ledger_entry_id,TEXT,uuid,yes
supplier_payment_allocations,created_at,INTEGER,timestamptz,yes
supplier_payments,id,TEXT,uuid,yes
supplier_payments,store_id,TEXT,uuid,yes
supplier_payments,supplier_id,TEXT,uuid,yes
supplier_payments,accounting_period_id,TEXT,uuid,yes
supplier_payments,amount_minor,INTEGER,bigint,yes
supplier_payments,allocated_total_minor,INTEGER,bigint,yes
supplier_payments,credit_created_minor,INTEGER,bigint,yes
supplier_payments,payment_source,TEXT,text,yes
supplier_payments,money_account_id,TEXT,uuid,yes
supplier_payments,money_movement_id,TEXT,uuid,yes
supplier_payments,owner_ledger_entry_id,TEXT,uuid,yes
supplier_payments,payment_at,INTEGER,timestamptz,yes
supplier_payments,external_reference,TEXT,text,yes
supplier_payments,notes,TEXT,text,yes
supplier_payments,status,TEXT,text,yes
supplier_payments,cancelled_at,INTEGER,timestamptz,yes
supplier_payments,device_id,TEXT,uuid,yes
supplier_payments,operation_id,TEXT,uuid,yes
supplier_payments,created_at,INTEGER,timestamptz,yes
supplier_payments,updated_at,INTEGER,timestamptz,yes
supplier_payments,version,INTEGER,bigint,yes
supplier_return_items,id,TEXT,uuid,yes
supplier_return_items,store_id,TEXT,uuid,yes
supplier_return_items,supplier_return_id,TEXT,uuid,yes
supplier_return_items,product_id,TEXT,uuid,yes
supplier_return_items,product_unit_id,TEXT,uuid,yes
supplier_return_items,quantity_milli,INTEGER,bigint,yes
supplier_return_items,conversion_factor_num,INTEGER,integer,yes
supplier_return_items,conversion_factor_den,INTEGER,integer,yes
supplier_return_items,base_quantity_milli,INTEGER,bigint,yes
supplier_return_items,unit_cost_minor,INTEGER,bigint,yes
supplier_return_items,line_total_minor,INTEGER,bigint,yes
supplier_return_items,inventory_movement_id,TEXT,uuid,yes
supplier_return_items,created_at,INTEGER,timestamptz,yes
supplier_return_items,updated_at,INTEGER,timestamptz,yes
supplier_return_items,version,INTEGER,bigint,yes
supplier_return_settlements,id,TEXT,uuid,yes
supplier_return_settlements,store_id,TEXT,uuid,yes
supplier_return_settlements,supplier_return_id,TEXT,uuid,yes
supplier_return_settlements,settlement_type,TEXT,text,yes
supplier_return_settlements,amount_minor,INTEGER,bigint,yes
supplier_return_settlements,money_account_id,TEXT,uuid,yes
supplier_return_settlements,money_movement_id,TEXT,uuid,yes
supplier_return_settlements,supplier_ledger_entry_id,TEXT,uuid,yes
supplier_return_settlements,created_at,INTEGER,timestamptz,yes
supplier_returns,id,TEXT,uuid,yes
supplier_returns,store_id,TEXT,uuid,yes
supplier_returns,supplier_id,TEXT,uuid,yes
supplier_returns,purchase_invoice_id,TEXT,uuid,yes
supplier_returns,accounting_period_id,TEXT,uuid,yes
supplier_returns,display_number,TEXT,text,yes
supplier_returns,return_at,INTEGER,timestamptz,yes
supplier_returns,total_minor,INTEGER,bigint,yes
supplier_returns,status,TEXT,text,yes
supplier_returns,notes,TEXT,text,yes
supplier_returns,cancelled_at,INTEGER,timestamptz,yes
supplier_returns,device_id,TEXT,uuid,yes
supplier_returns,operation_id,TEXT,uuid,yes
supplier_returns,created_at,INTEGER,timestamptz,yes
supplier_returns,updated_at,INTEGER,timestamptz,yes
supplier_returns,version,INTEGER,bigint,yes
suppliers,id,TEXT,uuid,yes
suppliers,store_id,TEXT,uuid,yes
suppliers,name,TEXT,text,yes
suppliers,normalized_name,TEXT,text,yes
suppliers,phone,TEXT,text,yes
suppliers,normalized_phone,TEXT,text,yes
suppliers,notes,TEXT,text,yes
suppliers,status,TEXT,text,yes
suppliers,archived_at,INTEGER,timestamptz,yes
suppliers,device_id,TEXT,uuid,yes
suppliers,operation_id,TEXT,uuid,yes
suppliers,created_at,INTEGER,timestamptz,yes
suppliers,updated_at,INTEGER,timestamptz,yes
suppliers,version,INTEGER,bigint,yes
